t,path,schema,kalshi_markets,kalshi_two_sided,kalshi_identity_checked,kalshi_identity_deviations,ladders,ladder_rungs,ladders_structured,ladders_title,ladder_adjacent_pairs,ladder_inversions_gross,ladder_inversions_net,ladder_worst_gross_edge,ladder_worst_net_edge,ladder_negative_mass_gross,ladder_negative_mass_beyond_fee,ladder_negative_mass_total,poly_rows,poly_pairs,poly_two_sided,poly_crossed,poly_era,poly_complement_gross,poly_complement_net,poly_price_sum_median,predictit_contracts,predictit_pairs,predictit_complement_gross,predictit_complement_net,predictit_cost_median,bucket_events,bucket_screened,bucket_median_ask_sum,bucket_candidates_gross,bucket_candidates_net,manifold_rows
2026-08-23T01:18:06Z,20260823/0118Z.json.gz,1,14549,12886,12886,0,1114,7971,0,1114,6857,1,0,0.01,0.0,86,30,-3.3995,1000,962,888,0,string_sorted,2,2,1.0,599,501,0,0,1.04,289,232,1.13,18,7,636
2026-08-23T01:20:45Z,20260823/0120Z.json.gz,1,14549,12884,12884,0,1114,7966,0,1114,6852,1,0,0.01,0.0,78,30,-3.3265,1000,962,891,0,string_sorted,2,2,1.0,599,501,0,0,1.04,289,232,1.13,18,7,636
2026-08-23T03:17:56Z,20260823/0317Z.json.gz,1,14549,12879,12879,0,1113,7969,0,1113,6856,1,0,0.01,0.0,84,31,-3.3165,1000,969,937,0,string_sorted,2,2,1.0,599,502,0,0,1.04,289,232,1.13,17,8,636
2026-08-23T04:55:04Z,20260823/0455Z.json.gz,1,14549,12836,12836,0,1112,7963,0,1112,6851,0,0,0.0,0.0,85,34,-3.3755,1000,965,948,0,string_sorted,0,0,1.0,599,502,0,0,1.04,289,232,1.129,17,8,635
2026-08-23T07:05:54Z,20260823/0705Z.json.gz,1,14549,12838,12838,0,1112,7962,0,1112,6850,0,0,0.0,0.0,88,30,-3.314,1000,970,928,0,string_sorted,1,1,1.0,599,502,0,0,1.04,289,232,1.123,17,8,636
2026-08-23T08:51:42Z,20260823/0851Z.json.gz,1,14549,12803,12803,0,1112,7958,0,1112,6846,0,0,0.0,0.0,84,33,-3.4625,1000,970,947,0,string_sorted,3,3,1.0,599,502,0,0,1.04,289,232,1.13,18,6,636
2026-08-23T10:44:25Z,20260823/1044Z.json.gz,1,14549,12837,12837,0,1112,7962,0,1112,6850,1,0,0.01,0.0,83,32,-3.4725,1000,965,944,0,string_sorted,2,2,1.0,599,502,0,0,1.04,289,232,1.133,16,6,635
2026-08-23T13:05:40Z,20260823/1305Z.json.gz,1,14549,12840,12840,0,1112,7962,0,1112,6850,1,0,0.01,0.0,85,32,-3.5945,1000,963,931,0,string_sorted,1,1,1.0,599,502,0,0,1.04,289,232,1.13,19,7,636
2026-08-23T14:43:38Z,20260823/1443Z.json.gz,1,14549,12835,12835,0,1113,7961,0,1113,6848,3,0,0.01,0.0,84,35,-3.7495,1000,970,925,0,string_sorted,1,1,1.0,599,502,0,0,1.04,289,232,1.13,19,8,636
2026-08-23T16:45:51Z,20260823/1645Z.json.gz,1,14549,12855,12855,0,1114,7985,0,1114,6871,5,0,0.02,0.0,84,32,-3.543,1000,964,895,0,string_sorted,0,0,1.0,599,510,0,0,1.04,289,232,1.13,19,8,633
2026-08-23T18:51:14Z,20260823/1851Z.json.gz,1,14549,12861,12861,0,1114,7986,0,1114,6872,4,0,0.01,0.0,83,29,-3.1765,1000,973,911,0,string_sorted,1,1,1.0,599,510,0,0,1.04,289,232,1.13,19,8,633
2026-08-23T20:42:31Z,20260823/2042Z.json.gz,1,14549,12834,12834,0,1113,7954,0,1113,6841,2,0,0.01,0.0,98,37,-4.1215,1000,967,887,0,string_sorted,0,0,1.0,599,510,0,0,1.04,289,232,1.12,21,8,634
2026-08-23T22:41:47Z,20260823/2241Z.json.gz,1,14541,12828,12828,0,1113,7956,0,1113,6843,5,0,0.02,0.0,93,38,-4.0405,1000,944,899,0,string_sorted,0,0,1.0,599,510,0,0,1.04,289,232,1.13,22,8,634
2026-08-24T02:00:30Z,20260824/0200Z.json.gz,1,14541,12831,12831,0,1113,7959,0,1113,6846,4,0,0.02,0.0,85,36,-3.6385,1000,964,940,0,string_sorted,0,0,1.0,599,510,0,0,1.04,289,232,1.12,21,8,632
2026-08-24T03:26:38Z,20260824/0326Z.json.gz,1,14541,12831,12831,0,1113,7959,0,1113,6846,5,0,0.02,0.0,77,30,-3.201,1000,951,948,0,string_sorted,1,1,1.0,599,510,0,0,1.03,289,232,1.12,20,8,632
2026-08-24T05:05:18Z,20260824/0505Z.json.gz,1,14541,12832,12832,0,1113,7960,0,1113,6847,4,0,0.02,0.0,77,31,-3.1775,1000,947,929,0,string_sorted,2,2,1.0,599,510,0,0,1.03,289,232,1.12,21,8,635
2026-08-24T07:32:12Z,20260824/0732Z.json.gz,1,14550,12845,12845,0,1113,7960,0,1113,6847,4,0,0.02,0.0,83,30,-3.3945,1000,966,944,0,string_sorted,0,0,1.0,599,510,0,0,1.03,289,232,1.12,22,9,633
2026-08-24T09:07:44Z,20260824/0907Z.json.gz,1,14550,12815,12815,0,1113,7957,0,1113,6844,4,0,0.02,0.0,84,32,-3.648,1000,971,949,0,string_sorted,0,0,1.0,599,510,0,0,1.03,289,232,1.13,22,8,634
2026-08-24T10:56:34Z,20260824/1056Z.json.gz,1,14550,12846,12846,0,1113,7961,0,1113,6848,6,0,0.02,0.0,83,34,-3.74,1000,960,957,0,string_sorted,0,0,1.0,599,510,0,0,1.03,289,232,1.12,22,9,634
2026-08-24T13:17:39Z,20260824/1317Z.json.gz,1,14550,12853,12853,0,1113,7961,0,1113,6848,6,0,0.02,0.0,86,30,-3.4405,1000,951,915,0,string_sorted,0,0,1.0,599,509,0,0,1.04,289,232,1.12,21,9,637
2026-08-24T15:03:58Z,20260824/1503Z.json.gz,1,14542,12851,12851,0,1113,7962,0,1113,6849,6,0,0.02,0.0,81,30,-3.3655,1000,946,925,0,string_sorted,0,0,1.0,599,508,0,0,1.04,288,232,1.13,19,7,642
2026-08-24T16:58:44Z,20260824/1658Z.json.gz,1,14542,12851,12851,0,1113,7962,0,1113,6849,6,0,0.02,0.0,79,28,-3.262,1000,960,939,0,string_sorted,0,0,1.0,599,508,0,0,1.04,288,232,1.14,19,7,650
2026-08-24T19:04:09Z,20260824/1904Z.json.gz,1,14559,12867,12867,0,1113,7977,0,1113,6864,7,0,0.02,0.0,85,29,-3.349,1000,948,933,0,string_sorted,0,0,1.0,605,508,0,0,1.04,288,232,1.14,18,7,649
2026-08-24T20:51:59Z,20260824/2051Z.json.gz,1,14559,12852,12852,0,1113,7976,0,1113,6863,6,0,0.02,0.0,84,32,-3.5835,1000,959,931,0,string_sorted,1,1,1.0,605,508,0,0,1.04,288,232,1.14,17,7,647
2026-08-24T22:47:24Z,20260824/2247Z.json.gz,1,14488,12836,12836,0,1113,7976,0,1113,6863,7,0,0.02,0.0,88,34,-3.8845,1000,968,938,0,string_sorted,1,1,1.0,605,509,0,0,1.04,289,233,1.14,17,7,646
2026-08-25T01:55:48Z,20260825/0155Z.json.gz,1,14519,12854,12854,0,1113,7980,0,1113,6867,9,0,0.03,0.0,85,33,-3.8365,1000,962,936,0,string_sorted,2,2,1.0,605,507,0,0,1.04,286,230,1.139,18,7,645
2026-08-25T03:14:49Z,20260825/0314Z.json.gz,1,14519,12854,12854,0,1113,7973,0,1113,6860,9,0,0.03,0.0,82,30,-3.797,1000,961,928,0,string_sorted,0,0,1.0,605,508,0,0,1.04,286,230,1.14,18,7,643
2026-08-25T04:57:24Z,20260825/0457Z.json.gz,1,14519,12861,12861,0,1113,7974,0,1113,6861,6,0,0.03,0.0,83,29,-3.3805,1000,959,936,0,string_sorted,0,0,1.0,605,509,0,0,1.04,286,230,1.14,19,7,645
2026-08-25T07:12:27Z,20260825/0712Z.json.gz,1,14519,12860,12860,0,1113,7973,0,1113,6860,5,0,0.03,0.0,78,27,-3.3755,1000,960,942,0,string_sorted,1,1,1.0,605,509,0,0,1.04,286,230,1.14,19,7,646
2026-08-25T09:03:09Z,20260825/0903Z.json.gz,1,14519,12828,12828,0,1113,7969,0,1113,6856,5,0,0.03,0.0,75,27,-3.4455,1000,965,932,0,string_sorted,0,0,1.0,605,501,0,0,1.04,286,230,1.15,18,6,646
2026-08-25T10:53:32Z,20260825/1053Z.json.gz,1,14519,12862,12862,0,1113,7980,0,1113,6867,8,0,0.03,0.0,80,29,-3.5565,1000,963,947,0,string_sorted,0,0,1.0,605,501,0,0,1.04,286,230,1.13,22,9,645
2026-08-25T13:15:23Z,20260825/1315Z.json.gz,1,14519,12863,12863,0,1113,7974,0,1113,6861,8,0,0.03,0.0,77,25,-3.3005,1000,954,931,0,string_sorted,0,0,1.0,605,503,0,0,1.04,286,230,1.13,25,10,647
2026-08-25T15:08:54Z,20260825/1508Z.json.gz,1,14536,12872,12872,0,1113,7976,0,1113,6863,8,0,0.03,0.0,76,29,-3.418,1000,959,948,0,string_sorted,4,4,1.0,586,491,0,0,1.03,287,231,1.123,27,11,648
2026-08-25T16:59:11Z,20260825/1659Z.json.gz,1,14538,12867,12867,0,1113,7974,0,1113,6861,9,0,0.03,0.0,76,29,-3.263,1000,968,931,0,string_sorted,0,0,1.0,595,491,0,0,1.03,287,231,1.12,26,12,649
2026-08-25T19:02:06Z,20260825/1902Z.json.gz,1,14539,12872,12872,0,1113,7975,0,1113,6862,8,0,0.03,0.0,82,30,-3.6495,1000,942,926,0,string_sorted,0,0,1.0,595,491,0,0,1.03,287,231,1.14,22,10,651
2026-08-25T20:49:37Z,20260825/2049Z.json.gz,1,14529,12865,12865,0,1113,7975,0,1113,6862,8,0,0.03,0.0,80,29,-3.4255,1000,930,908,0,string_sorted,0,0,1.0,595,491,0,0,1.03,286,230,1.14,23,10,652
2026-08-25T22:48:42Z,20260825/2248Z.json.gz,1,14529,12853,12853,0,1113,7972,0,1113,6859,8,0,0.03,0.0,81,28,-3.27,1000,933,949,0,string_sorted,1,1,1.0,595,491,0,0,1.03,286,230,1.143,22,10,652
2026-08-26T02:01:48Z,20260826/0201Z.json.gz,1,14529,12799,12799,0,1108,7927,0,1108,6819,7,0,0.03,0.0,77,25,-3.1015,1000,943,945,0,string_sorted,1,1,1.0,595,483,0,0,1.03,286,230,1.12,22,8,651
2026-08-26T03:28:21Z,20260826/0328Z.json.gz,1,14529,12783,12783,0,1108,7918,0,1108,6810,7,0,0.03,0.0,74,24,-3.0605,1000,924,949,0,string_sorted,0,0,1.0,595,481,0,0,1.03,286,230,1.13,19,8,652
2026-08-26T04:58:56Z,20260826/0458Z.json.gz,1,14529,12790,12790,0,1108,7926,0,1108,6818,6,0,0.03,0.0,79,23,-3.0535,1000,942,954,0,string_sorted,0,0,1.0,595,481,0,0,1.03,286,230,1.13,18,8,654
2026-08-26T07:12:31Z,20260826/0712Z.json.gz,1,14529,12786,12786,0,1108,7921,0,1108,6813,6,0,0.03,0.0,77,24,-3.1835,1000,942,950,0,string_sorted,0,0,1.0,595,481,0,0,1.03,286,230,1.13,17,8,656
2026-08-26T09:05:55Z,20260826/0905Z.json.gz,1,14529,12791,12791,0,1108,7922,0,1108,6814,9,0,0.03,0.0,81,26,-3.144,1000,929,943,0,string_sorted,0,0,1.0,595,481,0,0,1.03,286,230,1.13,20,8,656
2026-08-26T10:54:01Z,20260826/1054Z.json.gz,1,14529,12791,12791,0,1108,7922,0,1108,6814,9,0,0.03,0.0,81,24,-3.083,1000,921,938,0,string_sorted,0,0,1.0,595,481,0,0,1.03,286,230,1.13,20,8,656
2026-08-26T13:26:22Z,20260826/1326Z.json.gz,1,14529,12797,12797,0,1108,7923,0,1108,6815,9,0,0.03,0.0,80,24,-2.9765,1000,953,939,0,string_sorted,1,1,1.0,595,481,0,0,1.03,286,230,1.13,19,7,654
2026-08-26T15:55:05Z,20260826/1555Z.json.gz,1,14471,12736,12736,0,1102,7880,0,1102,6778,8,0,0.03,0.0,88,27,-3.1505,1000,938,905,0,string_sorted,0,0,1.0,583,477,0,0,1.03,286,230,1.12,23,7,652
2026-08-26T18:06:12Z,20260826/1806Z.json.gz,1,14482,10835,10835,0,848,6019,0,848,5171,8,0,0.03,0.0,192,99,-15.0105,1000,925,867,0,string_sorted,2,2,1.0,592,474,0,0,1.03,283,226,1.206,17,5,648
2026-08-26T20:09:54Z,20260826/2009Z.json.gz,1,14447,11088,11088,0,880,6255,0,880,5375,10,0,0.03,0.0,168,96,-15.813,1000,946,858,0,string_sorted,1,1,1.0,592,470,0,0,1.03,288,232,1.21,18,5,649
2026-08-26T23:42:19Z,20260826/2342Z.json.gz,1,14414,11630,11630,0,959,6772,0,959,5813,9,0,0.03,0.0,151,81,-13.5175,1000,951,920,0,string_sorted,2,2,1.0,592,471,0,0,1.03,286,230,1.19,21,6,656
2026-08-27T09:57:38Z,20260827/0957Z.json.gz,1,14528,11899,11899,0,978,7015,0,978,6037,3,0,0.02,0.0,126,60,-8.177,1000,940,938,0,string_sorted,1,1,1.0,590,477,0,0,1.03,287,229,1.19,19,7,657
2026-08-27T20:34:48Z,20260827/2034Z.json.gz,1,14482,12814,12814,0,1108,7844,0,1108,6736,4,0,0.02,0.0,90,44,-4.5145,1000,950,920,0,string_sorted,1,1,1.0,590,478,0,0,1.03,285,228,1.16,20,8,677
2026-08-28T06:10:07Z,20260828/0610Z.json.gz,1,14489,12805,12805,0,1120,7920,0,1120,6800,2,0,0.01,0.0,113,52,-7.435,1000,953,943,0,string_sorted,0,0,1.0,590,484,0,0,1.03,285,228,1.153,21,8,675
2026-08-28T18:48:37Z,20260828/1848Z.json.gz,1,14478,12799,12799,0,1118,7904,0,1118,6786,0,0,0.0,0.0,128,88,-13.3135,1000,927,904,0,string_sorted,1,1,1.0,592,482,0,0,1.03,285,228,1.15,22,7,659
2026-08-29T02:50:10Z,20260829/0250Z.json.gz,1,14439,12636,12636,0,1121,7934,0,1121,6813,0,0,0.0,0.0,130,90,-13.2045,1000,951,940,0,string_sorted,0,0,1.0,592,482,0,0,1.03,286,228,1.15,23,8,665
2026-08-29T11:10:11Z,20260829/1110Z.json.gz,1,14439,12630,12630,0,1122,7934,0,1122,6812,0,0,0.0,0.0,130,73,-11.0985,1000,971,429,0,string_sorted,0,0,1.0,592,483,0,0,1.03,286,228,1.143,25,9,669
2026-08-29T16:46:50Z,20260829/1646Z.json.gz,1,14426,12618,12618,0,1121,7925,0,1121,6804,0,0,0.0,0.0,125,76,-11.257,1000,954,932,0,string_sorted,0,0,1.0,592,482,0,0,1.03,286,228,1.144,24,10,669
2026-08-29T20:58:46Z,20260829/2058Z.json.gz,1,14426,12589,12589,0,1121,7921,0,1121,6800,0,0,0.0,0.0,131,82,-12.549,1000,951,938,0,string_sorted,0,0,1.0,592,484,0,0,1.03,286,228,1.15,22,11,670
2026-08-30T00:24:53Z,20260830/0024Z.json.gz,1,14426,12602,12602,0,1121,7925,0,1121,6804,0,0,0.0,0.0,120,75,-11.246,1000,955,953,0,string_sorted,0,0,1.0,592,482,0,0,1.03,286,228,1.15,22,10,668
2026-08-30T08:22:46Z,20260830/0822Z.json.gz,1,14426,12296,12296,0,1082,7638,0,1082,6556,0,0,0.0,0.0,139,85,-12.408,1000,953,930,0,string_sorted,0,0,1.0,592,482,0,0,1.03,286,228,1.15,26,9,668
2026-08-30T13:51:01Z,20260830/1351Z.json.gz,1,14426,12310,12310,0,1081,7628,0,1081,6547,1,0,0.01,0.0,144,87,-13.171,1000,967,952,0,string_sorted,0,0,1.0,582,480,0,0,1.03,286,228,1.15,25,9,665
2026-08-30T18:05:17Z,20260830/1805Z.json.gz,1,14429,12611,12611,0,1120,7920,0,1120,6800,0,0,0.0,0.0,133,80,-12.1205,1000,924,870,0,string_sorted,0,0,1.0,582,480,0,0,1.03,285,228,1.134,29,10,663
2026-08-30T21:12:58Z,20260830/2112Z.json.gz,1,14429,12611,12611,0,1120,7922,0,1120,6802,0,0,0.0,0.0,129,81,-12.1635,1000,946,807,0,string_sorted,0,0,1.0,582,478,0,0,1.03,285,228,1.14,27,8,661
2026-08-31T00:39:07Z,20260831/0039Z.json.gz,1,14429,12713,12713,0,1121,7925,0,1121,6804,0,0,0.0,0.0,128,78,-11.5785,1000,962,912,0,string_sorted,1,1,1.0,582,476,0,0,1.03,285,228,1.13,27,8,652
2026-08-31T08:43:02Z,20260831/0843Z.json.gz,1,14429,12037,12037,0,1024,7285,0,1024,6261,0,0,0.0,0.0,151,87,-13.5515,1000,950,899,0,string_sorted,1,1,1.0,582,474,0,0,1.03,285,228,1.16,21,8,649
2026-08-31T17:38:33Z,20260831/1738Z.json.gz,1,14403,12698,12698,0,1120,7932,0,1120,6812,0,0,0.0,0.0,130,75,-11.973,1000,950,915,0,string_sorted,0,0,1.0,576,471,0,0,1.03,284,227,1.15,25,9,638
2026-08-31T22:54:48Z,20260831/2254Z.json.gz,1,14455,12622,12622,0,1118,7927,0,1118,6809,0,0,0.0,0.0,140,84,-13.5745,1000,941,890,0,string_sorted,1,1,1.0,576,472,0,0,1.03,284,228,1.16,20,7,638
2026-09-01T05:18:09Z,20260901/0518Z.json.gz,1,14380,12679,12679,0,1123,7972,0,1123,6849,0,0,0.0,0.0,143,82,-12.647,1000,935,822,0,string_sorted,0,0,1.0,576,471,0,0,1.03,284,228,1.15,20,8,636
2026-09-01T11:45:57Z,20260901/1145Z.json.gz,1,14380,12673,12673,0,1123,7974,0,1123,6851,0,0,0.0,0.0,135,75,-11.8955,1000,968,950,0,string_sorted,1,1,1.0,576,473,0,0,1.03,284,228,1.14,24,9,637
2026-09-01T16:44:17Z,20260901/1644Z.json.gz,1,14390,12858,12858,0,1156,8342,0,1156,7186,0,0,0.0,0.0,137,79,-12.849,1000,949,947,0,string_sorted,1,1,1.0,573,478,0,0,1.03,276,220,1.14,20,7,644
2026-09-01T21:07:15Z,20260901/2107Z.json.gz,1,14405,12864,12864,0,1157,8353,0,1157,7196,0,0,0.0,0.0,137,75,-12.612,1000,925,835,0,numeric,0,0,1.0,582,479,0,0,1.03,278,222,1.15,18,7,649
2026-09-02T00:18:49Z,20260902/0018Z.json.gz,1,14429,12794,12794,0,1151,8262,0,1151,7111,0,0,0.0,0.0,137,81,-12.6955,1000,954,848,0,numeric,0,0,1.0,582,484,0,0,1.03,279,223,1.14,18,7,646
2026-09-02T04:44:06Z,20260902/0444Z.json.gz,1,14423,12686,12686,0,1144,8216,0,1144,7072,0,0,0.0,0.0,141,77,-12.6205,1000,984,839,0,numeric,0,0,1.0,579,487,0,0,1.03,279,223,1.15,18,7,653
2026-09-02T11:27:25Z,20260902/1127Z.json.gz,1,14423,12645,12645,0,1143,8208,0,1143,7065,0,0,0.0,0.0,131,80,-12.1935,1000,919,846,0,numeric,0,0,1.0,579,487,0,0,1.03,279,223,1.14,23,8,651
2026-09-02T16:40:23Z,20260902/1640Z.json.gz,1,14410,12710,12710,0,1146,8247,0,1146,7101,0,0,0.0,0.0,132,71,-10.681,1000,893,841,0,numeric,0,0,1.0,579,489,0,0,1.03,278,222,1.14,23,9,642
2026-09-02T21:07:27Z,20260902/2107Z.json.gz,1,14263,12558,12558,0,1142,8069,0,1142,6927,0,0,0.0,0.0,142,79,-11.9335,1000,905,832,0,numeric,0,0,1.0,579,492,0,0,1.03,278,222,1.15,20,7,646
2026-09-03T00:20:18Z,20260903/0020Z.json.gz,1,14266,12564,12564,0,1142,8072,0,1142,6930,0,0,0.0,0.0,141,76,-11.6205,1000,930,851,0,numeric,0,0,1.0,579,489,0,0,1.03,279,223,1.15,22,8,647
2026-09-03T04:41:05Z,20260903/0441Z.json.gz,1,14343,12632,12632,0,1145,8160,0,1145,7015,0,0,0.0,0.0,137,73,-11.5425,1000,947,845,0,numeric,0,0,1.0,578,487,0,0,1.03,279,223,1.15,22,8,646
2026-09-03T11:23:52Z,20260903/1123Z.json.gz,1,14343,11579,11579,0,1003,7088,0,1003,6085,1,0,0.01,0.0,143,81,-13.408,1000,903,872,0,numeric,0,0,1.0,578,487,0,0,1.03,279,223,1.179,17,9,648
2026-09-03T16:31:22Z,20260903/1631Z.json.gz,1,14343,12518,12518,0,1142,8073,0,1142,6931,0,0,0.0,0.0,109,49,-7.2185,1000,907,868,0,numeric,0,0,1.0,583,487,0,0,1.03,279,223,1.16,16,7,643
2026-09-03T21:06:56Z,20260903/2106Z.json.gz,1,14356,12504,12504,0,1148,8214,0,1148,7066,0,0,0.0,0.0,123,59,-9.2525,1000,919,838,0,numeric,0,0,1.0,583,492,0,0,1.03,277,221,1.19,12,4,639
2026-09-04T00:09:15Z,20260904/0009Z.json.gz,1,14344,12666,12666,0,1147,8222,0,1147,7075,0,0,0.0,0.0,103,48,-6.3975,1000,938,863,0,numeric,0,0,1.0,583,501,0,0,1.03,276,220,1.16,16,6,635
2026-09-04T04:41:33Z,20260904/0441Z.json.gz,1,14316,12643,12643,0,1147,8206,0,1147,7059,0,0,0.0,0.0,108,49,-7.1565,1000,938,867,0,numeric,0,0,1.0,0,0,0,0,,274,218,1.146,19,7,633
2026-09-04T11:26:47Z,20260904/1126Z.json.gz,1,14316,12630,12630,0,1147,8203,0,1147,7056,0,0,0.0,0.0,115,52,-7.389,1000,943,857,0,numeric,0,0,1.0,583,500,0,0,1.04,274,218,1.15,18,7,629
2026-09-04T16:27:23Z,20260904/1627Z.json.gz,1,14266,12618,12618,0,1147,8212,0,1147,7065,0,0,0.0,0.0,118,54,-7.057,1000,912,855,0,numeric,0,0,1.0,585,500,0,0,1.04,273,217,1.143,19,7,628
2026-09-04T20:49:53Z,20260904/2049Z.json.gz,1,14333,12635,12635,0,1149,8236,0,1149,7087,0,0,0.0,0.0,115,52,-6.7865,1000,899,841,0,numeric,0,0,1.0,585,501,0,0,1.04,274,218,1.15,20,9,626
2026-09-05T00:09:49Z,20260905/0009Z.json.gz,1,14094,12581,12581,0,1149,8231,0,1149,7082,0,0,0.0,0.0,114,49,-6.6315,1000,917,861,0,numeric,0,0,1.0,585,501,0,0,1.04,276,213,1.15,21,9,630
2026-09-05T04:37:23Z,20260905/0437Z.json.gz,1,14094,12580,12580,0,1149,8230,0,1149,7081,1,0,0.01,0.0,117,50,-6.7125,1000,929,866,0,numeric,0,0,1.0,585,500,0,0,1.03,276,213,1.15,20,10,626
2026-09-05T10:42:45Z,20260905/1042Z.json.gz,1,14094,12579,12579,0,1149,8230,0,1149,7081,1,0,0.01,0.0,110,49,-6.5325,1000,910,882,0,numeric,0,0,1.0,585,498,0,0,1.03,276,213,1.148,21,10,625
2026-09-05T15:19:19Z,20260905/1519Z.json.gz,1,14094,12578,12578,0,1149,8232,0,1149,7083,1,0,0.01,0.0,114,50,-6.7965,1000,856,854,0,numeric,0,0,1.0,585,499,0,0,1.03,276,213,1.14,22,12,618
2026-09-05T18:22:33Z,20260905/1822Z.json.gz,1,14094,12578,12578,0,1149,8229,0,1149,7080,1,0,0.01,0.0,114,51,-6.9215,1000,851,849,0,numeric,0,0,1.0,585,497,0,0,1.03,276,213,1.14,23,12,616
2026-09-05T20:29:54Z,20260905/2029Z.json.gz,1,14094,12579,12579,0,1149,8231,0,1149,7082,1,0,0.01,0.0,114,52,-6.897,1000,902,818,0,numeric,0,0,1.0,585,498,0,0,1.03,276,213,1.14,22,12,611
2026-09-05T23:58:04Z,20260905/2358Z.json.gz,1,14094,12572,12572,0,1148,8222,0,1148,7074,0,0,0.0,0.0,115,53,-6.892,1000,934,817,0,numeric,0,0,1.0,585,497,0,0,1.03,276,213,1.14,21,12,608
2026-09-06T04:48:07Z,20260906/0448Z.json.gz,1,14094,12559,12559,0,1149,8220,0,1149,7071,0,0,0.0,0.0,122,55,-7.757,1000,958,819,0,numeric,0,0,1.0,585,497,0,0,1.03,276,213,1.15,21,11,607
2026-09-06T11:04:40Z,20260906/1104Z.json.gz,1,14094,12560,12560,0,1149,8223,0,1149,7074,0,0,0.0,0.0,126,55,-7.832,1000,939,840,0,numeric,0,0,1.0,585,497,0,0,1.04,276,213,1.148,21,10,608
2026-09-06T15:32:12Z,20260906/1532Z.json.gz,1,14094,12559,12559,0,1149,8217,0,1149,7068,0,0,0.0,0.0,123,55,-7.417,1000,871,829,0,numeric,0,0,1.0,585,497,0,0,1.03,276,213,1.148,21,10,601
2026-09-06T18:23:05Z,20260906/1823Z.json.gz,1,14094,12561,12561,0,1148,8216,0,1148,7068,1,0,0.03,0.0,122,58,-7.777,1000,914,807,0,numeric,0,0,1.0,585,496,0,0,1.03,276,213,1.14,22,10,607
2026-09-06T20:32:41Z,20260906/2032Z.json.gz,1,14094,12558,12558,0,1148,8215,0,1148,7067,1,0,0.03,0.0,126,58,-7.907,1000,938,779,0,numeric,0,0,1.0,585,496,0,0,1.03,276,213,1.14,21,10,607
2026-09-06T23:59:56Z,20260906/2359Z.json.gz,1,14091,12571,12571,0,1148,8217,0,1148,7069,1,0,0.03,0.0,123,58,-7.882,1000,955,795,0,numeric,0,0,1.0,585,496,0,0,1.03,275,212,1.14,21,9,607
2026-09-07T04:51:47Z,20260907/0451Z.json.gz,1,14091,12643,12643,0,1149,8236,0,1149,7087,1,0,0.03,0.0,129,60,-9.217,1000,938,801,0,numeric,0,0,1.0,585,496,0,0,1.04,275,212,1.14,22,7,565
2026-09-07T12:44:13Z,20260907/1244Z.json.gz,1,14070,12642,12642,0,1150,8234,0,1150,7084,0,0,0.0,0.0,138,67,-10.317,1000,911,814,0,numeric,0,0,1.0,585,498,0,0,1.04,275,212,1.14,21,8,558
2026-09-07T18:45:55Z,20260907/1845Z.json.gz,1,14091,12667,12667,0,1148,8230,0,1148,7082,0,0,0.0,0.0,132,63,-8.672,1000,928,766,0,numeric,0,0,1.0,585,498,0,0,1.04,275,212,1.14,20,8,560
2026-09-07T22:52:19Z,20260907/2252Z.json.gz,1,14091,12664,12664,0,1148,8227,0,1148,7079,0,0,0.0,0.0,127,58,-8.2475,1000,933,780,0,numeric,0,0,1.0,585,495,0,0,1.04,275,212,1.14,20,8,554
2026-09-08T04:47:27Z,20260908/0447Z.json.gz,1,14091,12660,12660,0,1149,8246,0,1149,7097,0,0,0.0,0.0,135,65,-9.6175,1000,910,772,0,numeric,0,0,1.0,584,494,0,0,1.03,275,212,1.15,19,8,555
2026-09-08T11:27:08Z,20260908/1127Z.json.gz,1,14091,12659,12659,0,1149,8245,0,1149,7096,0,0,0.0,0.0,137,67,-9.574,1000,910,776,0,numeric,0,0,1.0,584,494,0,0,1.03,275,212,1.15,20,8,559
2026-09-08T16:43:00Z,20260908/1643Z.json.gz,1,14088,12661,12661,0,1149,8246,0,1149,7097,0,0,0.0,0.0,134,64,-9.2035,1000,890,780,0,numeric,0,0,1.0,590,485,0,0,1.03,274,211,1.14,20,8,562
2026-09-08T21:14:24Z,20260908/2114Z.json.gz,1,14044,12706,12706,0,1162,8305,0,1162,7143,0,0,0.0,0.0,132,59,-7.9385,1000,878,747,0,numeric,0,0,1.0,590,491,0,0,1.03,267,204,1.15,20,8,560
2026-09-09T00:19:59Z,20260909/0019Z.json.gz,1,14091,12746,12746,0,1163,8359,0,1163,7196,0,0,0.0,0.0,129,53,-8.114,1000,900,760,0,numeric,0,0,1.0,590,490,0,0,1.03,267,204,1.151,20,8,558
2026-09-09T04:52:29Z,20260909/0452Z.json.gz,1,14092,12726,12726,0,1161,8351,0,1161,7190,0,0,0.0,0.0,129,57,-8.639,1000,914,772,0,numeric,0,0,1.0,590,491,0,0,1.03,267,204,1.15,20,8,551
2026-09-09T11:32:36Z,20260909/1132Z.json.gz,1,14092,12723,12723,0,1160,8367,0,1160,7207,0,0,0.0,0.0,133,64,-10.0865,1000,888,818,0,numeric,0,0,1.0,590,492,0,0,1.03,267,204,1.15,21,9,547
2026-09-09T16:44:20Z,20260909/1644Z.json.gz,1,14094,12735,12735,0,1160,8343,0,1160,7183,0,0,0.0,0.0,131,62,-9.1965,1000,870,816,0,numeric,0,0,1.0,590,499,0,0,1.03,267,204,1.15,19,8,547
2026-09-09T20:59:57Z,20260909/2059Z.json.gz,1,14105,12744,12744,0,1160,8351,0,1160,7191,0,0,0.0,0.0,121,53,-7.225,1000,890,758,0,numeric,0,0,1.0,590,500,0,0,1.03,267,204,1.16,19,7,542
2026-09-10T00:18:08Z,20260910/0018Z.json.gz,1,14130,12730,12730,0,1160,8350,0,1160,7190,0,0,0.0,0.0,124,54,-7.1995,1000,923,764,0,numeric,0,0,1.0,590,497,0,0,1.03,268,205,1.16,18,8,543
2026-09-10T04:52:07Z,20260910/0452Z.json.gz,1,14146,12782,12782,0,1159,8342,0,1159,7183,0,0,0.0,0.0,116,53,-7.601,1000,926,758,0,numeric,0,0,1.0,590,489,0,0,1.03,271,208,1.153,19,9,550
2026-09-10T11:28:59Z,20260910/1128Z.json.gz,1,14145,11395,11395,0,971,6989,0,971,6018,0,0,0.0,0.0,179,90,-13.9615,1000,918,774,0,numeric,0,0,1.0,590,489,0,0,1.03,271,208,1.21,16,6,548
2026-09-10T16:30:24Z,20260910/1630Z.json.gz,1,14145,12671,12671,0,1161,8317,0,1161,7156,0,0,0.0,0.0,122,60,-7.9815,1000,914,786,0,numeric,0,0,1.0,591,494,0,0,1.03,271,208,1.156,20,9,553
2026-09-10T20:56:41Z,20260910/2056Z.json.gz,1,14145,12777,12777,0,1161,8315,0,1161,7154,1,0,0.01,0.0,112,55,-7.35,1000,904,751,0,numeric,0,0,1.0,588,493,0,0,1.03,271,208,1.15,22,9,553
2026-09-11T00:14:03Z,20260911/0014Z.json.gz,1,14145,12769,12769,0,1161,8316,0,1161,7155,1,0,0.01,0.0,113,56,-7.2865,1000,896,778,0,numeric,0,0,1.0,588,500,0,0,1.03,271,208,1.15,20,9,553
2026-09-11T04:48:38Z,20260911/0448Z.json.gz,1,14145,12759,12759,0,1161,8311,0,1161,7150,1,0,0.01,0.0,109,55,-7.18,1000,878,786,0,numeric,0,0,1.0,588,502,0,0,1.03,271,208,1.14,22,11,551
2026-09-11T11:31:02Z,20260911/1131Z.json.gz,1,14145,12773,12773,0,1161,8316,0,1161,7155,0,0,0.0,0.0,107,51,-7.019,1000,892,780,0,numeric,0,0,1.0,588,502,0,0,1.03,271,208,1.14,23,11,549
2026-09-11T15:39:09Z,20260911/1539Z.json.gz,2,56470,46294,46294,0,3476,28564,3474,2,25088,5,1,0.024,0.004,684,275,-42.4605,1000,886,796,0,numeric,0,0,1.0,588,495,0,0,1.03,1957,949,1.13,88,53,1000
2026-09-11T15:49:03Z,20260911/1549Z.json.gz,2,56483,46285,46285,0,3471,28492,3469,2,25021,4,1,0.024,0.004,666,264,-42.492,1000,889,793,0,numeric,0,0,1.0,588,495,0,0,1.03,1955,948,1.13,89,53,1000
2026-09-11T16:34:54Z,20260911/1634Z.json.gz,1,14145,12827,12827,0,1160,8312,0,1160,7152,1,0,0.01,0.0,107,53,-7.2945,1000,880,799,0,numeric,0,0,1.0,588,495,0,0,1.03,271,208,1.13,23,12,544
2026-09-11T18:27:56Z,20260911/1827Z.json.gz,2,55425,45353,45353,0,3472,28022,3472,0,24550,3,1,0.03,0.01,778,274,-42.8205,1000,887,802,0,numeric,0,0,1.0,588,496,0,0,1.03,1949,966,1.13,83,50,1000
2026-09-11T18:58:42Z,20260911/1858Z.json.gz,2,55374,45286,45286,0,3457,27865,3456,1,24408,3,0,0.01,0.0,1134,285,-49.9225,1000,873,787,0,numeric,0,0,1.0,588,501,0,0,1.03,1948,962,1.14,81,48,1000
2026-09-11T19:54:25Z,20260911/1954Z.json.gz,2,54875,44976,44976,0,3462,27902,3461,1,24440,2,0,0.01,0.0,1013,279,-46.2125,1000,878,788,0,numeric,0,0,1.0,588,501,0,0,1.03,1941,961,1.14,76,46,1000
2026-09-11T20:03:47Z,20260911/2003Z.json.gz,2,56625,46374,46374,0,3488,28894,3485,3,25406,2,0,0.01,0.0,1391,369,-59.1045,1000,881,789,0,numeric,0,0,1.0,588,501,0,0,1.03,1947,959,1.14,77,46,1000
2026-09-11T21:02:12Z,20260911/2102Z.json.gz,1,14146,12803,12803,0,1159,8297,0,1159,7138,1,0,0.01,0.0,112,55,-7.4345,1000,897,771,0,numeric,0,0,1.0,588,502,0,0,1.03,271,208,1.143,21,9,544
2026-09-11T21:47:34Z,20260911/2147Z.json.gz,2,57680,47344,47344,0,3484,29615,3484,0,26131,5,0,0.02,0.0,1959,629,-86.585,1000,884,799,0,numeric,0,0,1.0,588,506,0,0,1.03,1957,961,1.15,77,44,1000
2026-09-11T21:54:18Z,20260911/2154Z.json.gz,2,57673,47342,47342,0,3483,29632,3483,0,26149,5,0,0.02,0.0,1877,561,-76.495,1000,885,798,0,numeric,0,0,1.0,588,506,0,0,1.03,1955,962,1.145,78,44,1000
2026-09-12T00:21:53Z,20260912/0021Z.json.gz,1,14146,12798,12798,0,1159,8299,0,1159,7140,0,0,0.0,0.0,114,55,-7.6245,1000,902,790,0,numeric,0,0,1.0,588,506,0,0,1.03,271,208,1.145,21,9,549
2026-09-12T01:13:39Z,20260912/0113Z.json.gz,2,57787,47372,47372,0,3498,29793,3498,0,26295,4,0,0.01,0.0,2518,1342,-211.7285,1000,895,799,0,numeric,0,0,1.0,588,506,0,0,1.03,1923,960,1.14,77,44,1000
2026-09-12T04:44:50Z,20260912/0444Z.json.gz,1,14140,12791,12791,0,1159,8297,0,1159,7138,0,0,0.0,0.0,112,54,-7.728,1000,907,805,0,numeric,0,0,1.0,588,506,0,0,1.03,271,208,1.15,20,8,536
2026-09-12T10:55:01Z,20260912/1055Z.json.gz,1,14140,12795,12795,0,1159,8299,0,1159,7140,0,0,0.0,0.0,111,57,-7.824,1000,889,815,0,numeric,0,0,1.0,588,506,0,0,1.03,271,208,1.153,20,8,535
2026-09-12T15:36:36Z,20260912/1536Z.json.gz,1,14140,12801,12801,0,1158,8295,0,1158,7137,0,0,0.0,0.0,111,53,-7.3955,1000,835,767,0,numeric,0,0,1.0,588,506,0,0,1.03,271,208,1.153,21,9,534
2026-09-12T18:27:52Z,20260912/1827Z.json.gz,1,14140,12796,12796,0,1158,8294,0,1158,7136,0,0,0.0,0.0,112,55,-7.5155,1000,845,752,0,numeric,0,0,1.0,588,506,0,0,1.03,271,208,1.155,21,9,527
2026-09-12T22:22:33Z,20260912/2222Z.json.gz,2,57814,47102,47102,0,3505,29417,3504,1,25912,11,0,0.03,0.0,1289,400,-60.297,1000,867,794,0,numeric,0,0,1.0,588,505,0,0,1.03,1894,954,1.15,76,42,1000
2026-09-13T00:03:41Z,20260913/0003Z.json.gz,2,57779,47013,47013,0,3489,29292,3488,1,25803,11,0,0.03,0.0,1269,437,-62.9545,1000,877,793,0,numeric,0,0,1.0,588,505,0,0,1.03,1898,959,1.14,72,42,1000
2026-09-13T04:56:09Z,20260913/0456Z.json.gz,2,57448,46005,46005,0,3452,28566,3452,0,25114,4,0,0.01,0.0,1264,387,-60.8305,1000,882,798,0,numeric,0,0,1.0,588,505,0,0,1.03,1893,966,1.15,72,44,1000
2026-09-13T12:00:13Z,20260913/1200Z.json.gz,2,57451,45618,45618,0,3450,28295,3450,0,24845,2,0,0.01,0.0,1137,400,-61.047,1000,867,804,0,numeric,0,0,1.0,588,503,0,0,1.04,1869,915,1.15,74,45,1000
2026-09-13T16:25:45Z,20260913/1625Z.json.gz,2,57632,46131,46131,0,3464,28382,3464,0,24918,3,0,0.02,0.0,1085,373,-55.1975,1000,832,797,0,numeric,0,0,1.0,588,500,0,0,1.03,1892,961,1.15,70,41,1000
2026-09-13T20:55:24Z,20260913/2055Z.json.gz,2,56340,45714,45714,0,3456,28550,3456,0,25094,2,0,0.01,0.0,1047,348,-52.0,1000,943,782,0,numeric,0,0,1.0,588,500,0,0,1.03,1876,970,1.15,66,37,1000
2026-09-14T00:15:37Z,20260914/0015Z.json.gz,2,58200,46066,46066,0,3476,28257,3476,0,24781,3,0,0.01,0.0,857,379,-56.7525,1000,962,783,0,numeric,0,0,1.0,588,501,0,0,1.03,1896,980,1.15,70,46,1000
2026-09-14T05:04:30Z,20260914/0504Z.json.gz,2,57191,45779,45779,0,3451,28241,3451,0,24790,5,0,0.02,0.0,878,312,-44.3555,1000,938,795,0,numeric,0,0,1.0,588,502,0,0,1.03,1882,928,1.14,75,44,1000
2026-09-14T12:59:15Z,20260914/1259Z.json.gz,2,57481,45967,45967,0,3472,28291,3472,0,24819,4,0,0.02,0.0,834,351,-52.6455,1000,927,788,0,numeric,0,0,1.0,588,502,0,0,1.03,1869,895,1.146,75,42,1000
2026-09-14T19:27:24Z,20260914/1927Z.json.gz,2,55666,45236,45236,0,3501,28103,3501,0,24602,9,1,0.05,0.01,770,333,-49.8375,1000,892,795,0,numeric,0,0,1.0,592,500,0,0,1.03,1899,952,1.14,82,53,1000
2026-09-14T23:11:49Z,20260914/2311Z.json.gz,2,58165,46740,46740,0,3527,28698,3527,0,25171,3,1,0.05,0.01,953,383,-57.7195,1000,907,800,0,numeric,0,0,1.0,592,500,0,0,1.03,1883,945,1.14,87,51,1000
2026-09-15T05:01:07Z,20260915/0501Z.json.gz,2,57621,45990,45990,0,3475,28265,3475,0,24790,1,1,0.05,0.01,915,374,-57.719,1000,951,801,0,numeric,0,0,1.0,592,501,0,0,1.03,1903,896,1.15,76,46,1000
2026-09-15T11:51:59Z,20260915/1151Z.json.gz,2,57531,46058,46058,0,3482,28272,3482,0,24790,3,1,0.05,0.01,860,348,-53.5785,1000,904,807,0,numeric,0,0,1.0,592,499,0,0,1.03,1889,874,1.15,88,50,1000
2026-09-15T17:06:06Z,20260915/1706Z.json.gz,2,56660,45812,45812,0,3512,28287,3511,1,24775,2,0,0.01,0.0,819,350,-55.07,1000,863,807,0,numeric,0,0,1.0,596,499,0,0,1.03,1919,916,1.14,88,50,1000
2026-09-15T21:27:39Z,20260915/2127Z.json.gz,2,55304,45164,45164,0,3500,28285,3498,2,24785,5,0,0.03,0.0,910,374,-62.197,1000,882,806,0,numeric,0,0,1.0,595,498,0,0,1.03,1886,913,1.14,89,51,1000
2026-09-16T00:27:34Z,20260916/0027Z.json.gz,2,58531,46957,46957,0,3527,29064,3526,1,25537,6,0,0.01,0.0,1136,431,-69.0625,1000,902,810,0,numeric,0,0,1.0,595,493,0,0,1.03,1878,920,1.14,89,51,1000
2026-09-16T07:45:11Z,20260916/0745Z.json.gz,2,57791,46393,46393,0,3468,28621,3467,1,25153,6,0,0.01,0.0,1095,491,-75.6695,1000,926,811,0,numeric,0,0,1.0,595,493,0,0,1.03,1897,881,1.14,85,50,1000
2026-09-16T13:33:48Z,20260916/1333Z.json.gz,2,58368,46940,46940,0,3510,28940,3509,1,25430,5,0,0.01,0.0,1079,481,-76.594,1000,880,815,0,numeric,0,0,1.0,595,491,0,0,1.03,1884,873,1.14,88,54,1000
2026-09-16T18:13:42Z,20260916/1813Z.json.gz,2,56682,45776,45776,0,3479,28272,3478,1,24793,11,0,0.03,0.0,1003,450,-71.9905,1000,873,811,0,numeric,0,0,1.0,596,496,0,0,1.03,1901,919,1.14,92,55,1000
2026-09-16T21:24:17Z,20260916/2124Z.json.gz,2,58649,47465,47465,0,3506,29141,3505,1,25635,6,3,0.15,0.11,1300,482,-74.642,1000,875,803,0,numeric,0,0,1.0,596,498,0,0,1.03,1882,923,1.14,98,56,1000
2026-09-17T00:37:14Z,20260917/0037Z.json.gz,2,59052,47908,47908,0,3506,29113,3505,1,25607,6,1,0.19,0.15,1179,485,-71.9685,1000,900,801,0,numeric,0,0,1.0,596,498,0,0,1.03,1874,926,1.14,87,49,1000
2026-09-17T07:46:51Z,20260917/0746Z.json.gz,2,55552,38048,38048,0,2497,20037,2496,1,17540,0,0,0.0,0.0,2772,1502,-233.872,1000,914,800,0,numeric,0,0,1.0,595,502,0,0,1.03,1888,890,1.48,63,42,1000
2026-09-17T13:34:05Z,20260917/1334Z.json.gz,2,58756,47316,47316,0,3481,28308,3480,1,24827,6,0,0.02,0.0,1077,462,-66.8025,1000,885,821,0,numeric,0,0,1.0,595,502,0,0,1.03,1873,878,1.15,88,52,1000
2026-09-17T18:19:29Z,20260917/1819Z.json.gz,2,56945,45818,45818,0,3471,27541,3470,1,24070,5,0,0.02,0.0,940,393,-58.298,1000,868,808,0,numeric,0,0,1.0,599,501,0,0,1.03,1893,927,1.15,85,53,1000
2026-09-17T21:29:28Z,20260917/2129Z.json.gz,2,57968,47285,47285,0,3484,28403,3483,1,24919,2,0,0.02,0.0,1232,431,-66.169,1000,878,804,0,numeric,0,0,1.0,599,502,0,0,1.03,1867,915,1.14,88,52,1000
2026-09-18T00:26:05Z,20260918/0026Z.json.gz,2,58216,47527,47527,0,3508,28618,3507,1,25110,5,0,0.01,0.0,1137,400,-62.873,1000,888,804,0,numeric,0,0,1.0,599,502,0,0,1.03,1861,920,1.15,79,50,1000
2026-09-18T07:27:37Z,20260918/0727Z.json.gz,2,57353,46840,46840,0,3459,28046,3458,1,24587,2,0,0.02,0.0,1096,444,-68.9795,1000,885,807,0,numeric,0,0,1.0,599,495,0,0,1.03,1879,880,1.13,85,54,1000
2026-09-18T13:00:06Z,20260918/1300Z.json.gz,2,57751,46767,46767,0,3480,28326,3479,1,24846,5,0,0.02,0.0,1080,437,-69.68,1000,868,813,0,numeric,0,0,1.0,599,500,0,0,1.03,1867,868,1.13,91,55,1000
2026-09-18T17:43:28Z,20260918/1743Z.json.gz,2,56744,42454,42454,0,2912,23683,2911,1,20771,3,0,0.01,0.0,1130,510,-83.6815,1000,861,826,0,numeric,0,0,1.0,603,492,0,0,1.03,1911,919,1.14,89,53,1000
